title,price,link
"Laptop Computer, 16GB RAM 512GB ROM Intel Celeron Quad-Core Processors, 15.6 inch Laptops, 1920 x 1080 IPS, 38Wh Battery, WiFi, Bluetooth, Type-C, TF Card, Mini-HDMI  ",$239.99,https://www.amazon.com/sspa/click?ie=UTF8&spc=MTo4NjQ5ODUxNTQyODg3ODk4OjE3MjI2MDQxNjY6c3BfYXRmX25leHQ6MzAwMzE0Mjg1NDg3NjAyOjowOjo&url=%2FURAO-Quad-Core-Processors-Bluetooth-Mini-HDMI%2Fdp%2FB0CZ346PT9%2Fref%3Dsr_1_17_sspa%3Fdib%3DeyJ2IjoiMSJ9.bxF76_yO8ALDnteVTkrHwpMQnpDv3NxIAo1gPER3-Vd7Yf49j8Im90wuWvwUwPHLLjFR5JuzR5G-iB5zQQMgHVAP_5XG3K9McM-Yd7ZXrufsDqZFHYRjybDDRR1W30yC8CO5zVPfprO0xM2-xbdYNEdmfVfM4_wkS2rNvKZA6mJUSzYB9gaY2alFqTZLhUHXDJ9yR43c1XwsxIOipOPYwGWIdOXW1nJr72K8D29JAAU.kqYIowJjlvN6NrdHu1AtuzArDVBtXF742HZgYlud2T0%26dib_tag%3Dse%26keywords%3Dlaptop%26qid%3D1722604166%26sr%3D8-17-spons%26sp_csd%3Dd2lkZ2V0TmFtZT1zcF9hdGZfbmV4dA%26psc%3D1
"LG gram 14-inch Lightweight Laptop, Intel Evo Edition - Intel Core Ultra 5 Processor, Windows 11 Home, 8GB RAM, 512GB SSD, White  ",$999.00,https://www.amazon.com/sspa/click?ie=UTF8&spc=MTo4NjQ5ODUxNTQyODg3ODk4OjE3MjI2MDQxNjY6c3BfYXRmX25leHQ6MzAwMTQ5OTcxODc0MTAyOjowOjo&url=%2FLG-14-inch-Lightweight-Laptop-Intel%2Fdp%2FB0CT9892DJ%2Fref%3Dsr_1_18_sspa%3Fdib%3DeyJ2IjoiMSJ9.bxF76_yO8ALDnteVTkrHwpMQnpDv3NxIAo1gPER3-Vd7Yf49j8Im90wuWvwUwPHLLjFR5JuzR5G-iB5zQQMgHVAP_5XG3K9McM-Yd7ZXrufsDqZFHYRjybDDRR1W30yC8CO5zVPfprO0xM2-xbdYNEdmfVfM4_wkS2rNvKZA6mJUSzYB9gaY2alFqTZLhUHXDJ9yR43c1XwsxIOipOPYwGWIdOXW1nJr72K8D29JAAU.kqYIowJjlvN6NrdHu1AtuzArDVBtXF742HZgYlud2T0%26dib_tag%3Dse%26keywords%3Dlaptop%26qid%3D1722604166%26sr%3D8-18-spons%26sp_csd%3Dd2lkZ2V0TmFtZT1zcF9hdGZfbmV4dA%26psc%3D1
"HP 17.3"" FHD Business Laptop, 32GB RAM, 1TB PCIe SSD, 12th Intel 6-Core i3-1215U(Beat i5-1125G4), Type-C, HDMI, Webcam, Windows 11 +w/GM Accessories  ",$499.19,https://www.amazon.com/HP-Business-i3-1215U-i5-1125G4-Accessories/dp/B0D66M94JC/ref=sr_1_19?dib=eyJ2IjoiMSJ9.bxF76_yO8ALDnteVTkrHwpMQnpDv3NxIAo1gPER3-Vd7Yf49j8Im90wuWvwUwPHLLjFR5JuzR5G-iB5zQQMgHVAP_5XG3K9McM-Yd7ZXrufsDqZFHYRjybDDRR1W30yC8CO5zVPfprO0xM2-xbdYNEdmfVfM4_wkS2rNvKZA6mJUSzYB9gaY2alFqTZLhUHXDJ9yR43c1XwsxIOipOPYwGWIdOXW1nJr72K8D29JAAU.kqYIowJjlvN6NrdHu1AtuzArDVBtXF742HZgYlud2T0&dib_tag=se&keywords=laptop&qid=1722604166&sr=8-19
"Lenovo Ideapad Laptop Touchscreen 15.6"" FHD, Intel Core i3-1215U 6-Core, 24GB RAM, 1TB SSD, Webcam, Bluetooth, Wi-Fi6, SD Card Reader, Windows 11, Grey, GM Accessories  ",$519.00,https://www.amazon.com/Lenovo-Touchscreen-i3-1215U-Bluetooth-Accessories/dp/B0D5H83FMV/ref=sr_1_20?dib=eyJ2IjoiMSJ9.bxF76_yO8ALDnteVTkrHwpMQnpDv3NxIAo1gPER3-Vd7Yf49j8Im90wuWvwUwPHLLjFR5JuzR5G-iB5zQQMgHVAP_5XG3K9McM-Yd7ZXrufsDqZFHYRjybDDRR1W30yC8CO5zVPfprO0xM2-xbdYNEdmfVfM4_wkS2rNvKZA6mJUSzYB9gaY2alFqTZLhUHXDJ9yR43c1XwsxIOipOPYwGWIdOXW1nJr72K8D29JAAU.kqYIowJjlvN6NrdHu1AtuzArDVBtXF742HZgYlud2T0&dib_tag=se&keywords=laptop&qid=1722604166&sr=8-20
"ASUS ROG Strix G16 (2024) Gaming Laptop, 16” 16:10 FHD 165Hz Display, NVIDIA® GeForce RTX™ 4060, Intel Core i7-13650HX, 16GB DDR5, 1TB PCIe Gen4 SSD, Wi-Fi 6E, Windows 11, G614JV-AS74  ","$1,164.99",https://www.amazon.com/ASUS-ROG-Strix-Gaming-Laptop/dp/B0CRDCXRK2/ref=sr_1_21?dib=eyJ2IjoiMSJ9.bxF76_yO8ALDnteVTkrHwpMQnpDv3NxIAo1gPER3-Vd7Yf49j8Im90wuWvwUwPHLLjFR5JuzR5G-iB5zQQMgHVAP_5XG3K9McM-Yd7ZXrufsDqZFHYRjybDDRR1W30yC8CO5zVPfprO0xM2-xbdYNEdmfVfM4_wkS2rNvKZA6mJUSzYB9gaY2alFqTZLhUHXDJ9yR43c1XwsxIOipOPYwGWIdOXW1nJr72K8D29JAAU.kqYIowJjlvN6NrdHu1AtuzArDVBtXF742HZgYlud2T0&dib_tag=se&keywords=laptop&qid=1722604166&sr=8-21
"ASUS TUF Gaming A15 (2024) Gaming Laptop, 15.6” FHD 144Hz Display, NVIDIA® GeForce RTX™ 2050, AMD Ryzen™ 5 7535HS, 8GB DDR5, 512GB PCIe® Gen4 NVMe™ SSD, Wi-Fi 6, Windows 11, FA506NF-ES51  ",$629.99,https://www.amazon.com/ASUS-Display-NVIDIA%C2%AE-GeForce-FA506NF-ES51/dp/B0CRDF25TQ/ref=sr_1_22?dib=eyJ2IjoiMSJ9.bxF76_yO8ALDnteVTkrHwpMQnpDv3NxIAo1gPER3-Vd7Yf49j8Im90wuWvwUwPHLLjFR5JuzR5G-iB5zQQMgHVAP_5XG3K9McM-Yd7ZXrufsDqZFHYRjybDDRR1W30yC8CO5zVPfprO0xM2-xbdYNEdmfVfM4_wkS2rNvKZA6mJUSzYB9gaY2alFqTZLhUHXDJ9yR43c1XwsxIOipOPYwGWIdOXW1nJr72K8D29JAAU.kqYIowJjlvN6NrdHu1AtuzArDVBtXF742HZgYlud2T0&dib_tag=se&keywords=laptop&qid=1722604166&sr=8-22
"Acer Nitro V Gaming Laptop | Intel Core i5-13420H Processor | NVIDIA GeForce RTX 4050 Laptop GPU | 15.6"" FHD IPS 144Hz Display | 8GB DDR5 | 512GB Gen 4 SSD | WiFi 6 | Backlit KB | ANV15-51-51H9  ",$772.28,https://www.amazon.com/i5-13420H-Processor-GeForce-Display-ANV15-51-51H9/dp/B0CP8D4SM2/ref=sr_1_23?dib=eyJ2IjoiMSJ9.bxF76_yO8ALDnteVTkrHwpMQnpDv3NxIAo1gPER3-Vd7Yf49j8Im90wuWvwUwPHLLjFR5JuzR5G-iB5zQQMgHVAP_5XG3K9McM-Yd7ZXrufsDqZFHYRjybDDRR1W30yC8CO5zVPfprO0xM2-xbdYNEdmfVfM4_wkS2rNvKZA6mJUSzYB9gaY2alFqTZLhUHXDJ9yR43c1XwsxIOipOPYwGWIdOXW1nJr72K8D29JAAU.kqYIowJjlvN6NrdHu1AtuzArDVBtXF742HZgYlud2T0&dib_tag=se&keywords=laptop&qid=1722604166&sr=8-23
"ASUS Vivobook Go 15.6” FHD Laptop, AMD Ryzen 3 7320U, 8GB, 128GB, Windows 11 Home, Mixed Black, E1504FA-AS33  ",$259.99,https://www.amazon.com/ASUS-Vivobook-Laptop-Windows-E1504FA-AS33/dp/B0CWHYV27D/ref=sr_1_24?dib=eyJ2IjoiMSJ9.bxF76_yO8ALDnteVTkrHwpMQnpDv3NxIAo1gPER3-Vd7Yf49j8Im90wuWvwUwPHLLjFR5JuzR5G-iB5zQQMgHVAP_5XG3K9McM-Yd7ZXrufsDqZFHYRjybDDRR1W30yC8CO5zVPfprO0xM2-xbdYNEdmfVfM4_wkS2rNvKZA6mJUSzYB9gaY2alFqTZLhUHXDJ9yR43c1XwsxIOipOPYwGWIdOXW1nJr72K8D29JAAU.kqYIowJjlvN6NrdHu1AtuzArDVBtXF742HZgYlud2T0&dib_tag=se&keywords=laptop&qid=1722604166&sr=8-24
"HP Newest 15.6"" FHD Essential Business Laptop, Intel Core i5-1135G7 Processor, 32GB RAM, 1TB Storage, Intel Iris Xe Graphics, SD Card Reader, HDMI, Ethernet, Webcam, USB-C, Windows 11 Pro  ",$599.99,https://www.amazon.com/HP-Essential-Business-i5-1135G7-Processor/dp/B0CT98X2CV/ref=sr_1_25?dib=eyJ2IjoiMSJ9.bxF76_yO8ALDnteVTkrHwpMQnpDv3NxIAo1gPER3-Vd7Yf49j8Im90wuWvwUwPHLLjFR5JuzR5G-iB5zQQMgHVAP_5XG3K9McM-Yd7ZXrufsDqZFHYRjybDDRR1W30yC8CO5zVPfprO0xM2-xbdYNEdmfVfM4_wkS2rNvKZA6mJUSzYB9gaY2alFqTZLhUHXDJ9yR43c1XwsxIOipOPYwGWIdOXW1nJr72K8D29JAAU.kqYIowJjlvN6NrdHu1AtuzArDVBtXF742HZgYlud2T0&dib_tag=se&keywords=laptop&qid=1722604166&sr=8-25
"HP 14"" HD Stream Laptop Computer for Students and Business, Quad-Core Intel Celeron N Processor, 8GB RAM, 256GB Storage(128GB eMMC+128GB TP SD Card), 1 Year Office 365, HDMI,WiFi,USB-A&C, Win 11  ",$279.99,https://www.amazon.com/HP-Computer-Students-Quad-Core-Processor/dp/B0D6B1T8VL/ref=sr_1_26?dib=eyJ2IjoiMSJ9.bxF76_yO8ALDnteVTkrHwpMQnpDv3NxIAo1gPER3-Vd7Yf49j8Im90wuWvwUwPHLLjFR5JuzR5G-iB5zQQMgHVAP_5XG3K9McM-Yd7ZXrufsDqZFHYRjybDDRR1W30yC8CO5zVPfprO0xM2-xbdYNEdmfVfM4_wkS2rNvKZA6mJUSzYB9gaY2alFqTZLhUHXDJ9yR43c1XwsxIOipOPYwGWIdOXW1nJr72K8D29JAAU.kqYIowJjlvN6NrdHu1AtuzArDVBtXF742HZgYlud2T0&dib_tag=se&keywords=laptop&qid=1722604166&sr=8-26
"HP 14"" Latest Stream Laptop Ultral Light for Students and Business, Intel Celeron Processor, 8GB RAM, 64GB eMMC, 1 Year Office 365, Fast Charge, HDMI, WiFi, USB-A&C, Win 11 GM Accessory  ",$249.99,https://www.amazon.com/sspa/click?ie=UTF8&spc=MTo4NjQ5ODUxNTQyODg3ODk4OjE3MjI2MDQxNjY6c3BfbXRmOjMwMDE2NzQ2MjAxNDkwMjo6MDo6&url=%2FHP-Students-Business-Processor-Accessory%2Fdp%2FB0CCCWJ44N%2Fref%3Dsr_1_27_sspa%3Fdib%3DeyJ2IjoiMSJ9.bxF76_yO8ALDnteVTkrHwpMQnpDv3NxIAo1gPER3-Vd7Yf49j8Im90wuWvwUwPHLLjFR5JuzR5G-iB5zQQMgHVAP_5XG3K9McM-Yd7ZXrufsDqZFHYRjybDDRR1W30yC8CO5zVPfprO0xM2-xbdYNEdmfVfM4_wkS2rNvKZA6mJUSzYB9gaY2alFqTZLhUHXDJ9yR43c1XwsxIOipOPYwGWIdOXW1nJr72K8D29JAAU.kqYIowJjlvN6NrdHu1AtuzArDVBtXF742HZgYlud2T0%26dib_tag%3Dse%26keywords%3Dlaptop%26qid%3D1722604166%26sr%3D8-27-spons%26sp_csd%3Dd2lkZ2V0TmFtZT1zcF9tdGY%26psc%3D1%26smid%3DAM0VWZ1WMK39K
"HP 15.6"" Touchscreen Laptop Computer, Windows 11 Pro Laptop 32GB RAM 1TB SSD, i3-1215U Processor, HD 1366 x 768 LED Display, Numeric Keypad, SD Card Reader, HDMI, Plusera Earphone, Silver  ",$579.99,https://www.amazon.com/sspa/click?ie=UTF8&spc=MTo4NjQ5ODUxNTQyODg3ODk4OjE3MjI2MDQxNjY6c3BfbXRmOjMwMDIyMzM0OTQ1MjgwMjo6MDo6&url=%2FHP-Touchscreen-Laptop-Computer-Processor%2Fdp%2FB0CY94H794%2Fref%3Dsr_1_28_sspa%3Fdib%3DeyJ2IjoiMSJ9.bxF76_yO8ALDnteVTkrHwpMQnpDv3NxIAo1gPER3-Vd7Yf49j8Im90wuWvwUwPHLLjFR5JuzR5G-iB5zQQMgHVAP_5XG3K9McM-Yd7ZXrufsDqZFHYRjybDDRR1W30yC8CO5zVPfprO0xM2-xbdYNEdmfVfM4_wkS2rNvKZA6mJUSzYB9gaY2alFqTZLhUHXDJ9yR43c1XwsxIOipOPYwGWIdOXW1nJr72K8D29JAAU.kqYIowJjlvN6NrdHu1AtuzArDVBtXF742HZgYlud2T0%26dib_tag%3Dse%26keywords%3Dlaptop%26qid%3D1722604166%26sr%3D8-28-spons%26sp_csd%3Dd2lkZ2V0TmFtZT1zcF9tdGY%26psc%3D1
"ASUS Vivobook Go 15.6” Laptop, AMD Ryzen 5 7520U, 8GB, 512GB, Windows 11 Home, Cool Silver, E1504FA-AS54  ",$387.95,https://www.amazon.com/ASUS-Vivobook-Laptop-Windows-E1504FA-AS54/dp/B0CWJB9ZC6/ref=sr_1_29?dib=eyJ2IjoiMSJ9.bxF76_yO8ALDnteVTkrHwpMQnpDv3NxIAo1gPER3-Vd7Yf49j8Im90wuWvwUwPHLLjFR5JuzR5G-iB5zQQMgHVAP_5XG3K9McM-Yd7ZXrufsDqZFHYRjybDDRR1W30yC8CO5zVPfprO0xM2-xbdYNEdmfVfM4_wkS2rNvKZA6mJUSzYB9gaY2alFqTZLhUHXDJ9yR43c1XwsxIOipOPYwGWIdOXW1nJr72K8D29JAAU.kqYIowJjlvN6NrdHu1AtuzArDVBtXF742HZgYlud2T0&dib_tag=se&keywords=laptop&qid=1722604166&sr=8-29
"Lenovo Newest 15.6"" Laptop, Intel Pentium 4-core Processor, 15.6"" FHD Anti-Glare Display, Ethernet Port, HDMI, USB-C, WiFi & Bluetooth, Webcam (Windows 11 Home, 40GB RAM | 1TB SSD)  ",$549.99,https://www.amazon.com/Lenovo-Processor-Anti-Glare-Ethernet-Bluetooth/dp/B0CT43PMGV/ref=sr_1_30?dib=eyJ2IjoiMSJ9.bxF76_yO8ALDnteVTkrHwpMQnpDv3NxIAo1gPER3-Vd7Yf49j8Im90wuWvwUwPHLLjFR5JuzR5G-iB5zQQMgHVAP_5XG3K9McM-Yd7ZXrufsDqZFHYRjybDDRR1W30yC8CO5zVPfprO0xM2-xbdYNEdmfVfM4_wkS2rNvKZA6mJUSzYB9gaY2alFqTZLhUHXDJ9yR43c1XwsxIOipOPYwGWIdOXW1nJr72K8D29JAAU.kqYIowJjlvN6NrdHu1AtuzArDVBtXF742HZgYlud2T0&dib_tag=se&keywords=laptop&qid=1722604166&sr=8-30
"HP 14"" Latest Stream Laptop Ultral Light for Students and Business, Intel Celeron 16GB RAM, 320GB Storage (64GB eMMC+256GB Micro SD), 1 Year Office 365, HDMI, WiFi, USB-A&C, Win 11 +GM Accessory  ",$319.99,https://www.amazon.com/HP-Students-Business-Celeron-Accessory/dp/B0CFQJH3K7/ref=sr_1_31?dib=eyJ2IjoiMSJ9.bxF76_yO8ALDnteVTkrHwpMQnpDv3NxIAo1gPER3-Vd7Yf49j8Im90wuWvwUwPHLLjFR5JuzR5G-iB5zQQMgHVAP_5XG3K9McM-Yd7ZXrufsDqZFHYRjybDDRR1W30yC8CO5zVPfprO0xM2-xbdYNEdmfVfM4_wkS2rNvKZA6mJUSzYB9gaY2alFqTZLhUHXDJ9yR43c1XwsxIOipOPYwGWIdOXW1nJr72K8D29JAAU.kqYIowJjlvN6NrdHu1AtuzArDVBtXF742HZgYlud2T0&dib_tag=se&keywords=laptop&qid=1722604166&sr=8-31
"17.3 inch Laptops, 8GB RAM 512GB ROM Laptop, Celeron N4020 Processor (up to 2.6 GHz), 5G WiFi, 1920 IPS Display, 8000mAh Battery, 2 USB 3.2, BT5.0, Type-C, 512GB Expansion  ",$279.99,https://www.amazon.com/Naclud-Laptops-Celeron-Processor-Expansion/dp/B0D87RVQCY/ref=sr_1_32?dib=eyJ2IjoiMSJ9.bxF76_yO8ALDnteVTkrHwpMQnpDv3NxIAo1gPER3-Vd7Yf49j8Im90wuWvwUwPHLLjFR5JuzR5G-iB5zQQMgHVAP_5XG3K9McM-Yd7ZXrufsDqZFHYRjybDDRR1W30yC8CO5zVPfprO0xM2-xbdYNEdmfVfM4_wkS2rNvKZA6mJUSzYB9gaY2alFqTZLhUHXDJ9yR43c1XwsxIOipOPYwGWIdOXW1nJr72K8D29JAAU.kqYIowJjlvN6NrdHu1AtuzArDVBtXF742HZgYlud2T0&dib_tag=se&keywords=laptop&qid=1722604166&sr=8-32
"17.3 inch Laptops, Laptop Computer, 8GB RAM 256GB ROM, Celeron Processor(up to 2.6 GHz), 5G WiFi, Webcam, Mini HDMI, 8000mAh, Type-C, 2 * USB 3.2, BT5.0, 512GB Expansion, Slim  ",$279.99,https://www.amazon.com/Naclud-Laptops-Computer-Processor-Expansion/dp/B0D79NNJ4N/ref=sr_1_33?dib=eyJ2IjoiMSJ9.bxF76_yO8ALDnteVTkrHwpMQnpDv3NxIAo1gPER3-Vd7Yf49j8Im90wuWvwUwPHLLjFR5JuzR5G-iB5zQQMgHVAP_5XG3K9McM-Yd7ZXrufsDqZFHYRjybDDRR1W30yC8CO5zVPfprO0xM2-xbdYNEdmfVfM4_wkS2rNvKZA6mJUSzYB9gaY2alFqTZLhUHXDJ9yR43c1XwsxIOipOPYwGWIdOXW1nJr72K8D29JAAU.kqYIowJjlvN6NrdHu1AtuzArDVBtXF742HZgYlud2T0&dib_tag=se&keywords=laptop&qid=1722604166&sr=8-33
"Laptop, 15.6 inch 1920x1080 IPS Display, 8GB DDR4 RAM / 256GB SSD Laptop Computers, Intel J4125 Quad-Core Processor Notebook PC, Support 2.4G/5G Hz WiFi, BT, Full Size Keyboard  ",$219.00,https://www.amazon.com/Coolby-1920x1080-Computers-Quad-Core-Processor/dp/B0CZKZJPXK/ref=sr_1_34?dib=eyJ2IjoiMSJ9.bxF76_yO8ALDnteVTkrHwpMQnpDv3NxIAo1gPER3-Vd7Yf49j8Im90wuWvwUwPHLLjFR5JuzR5G-iB5zQQMgHVAP_5XG3K9McM-Yd7ZXrufsDqZFHYRjybDDRR1W30yC8CO5zVPfprO0xM2-xbdYNEdmfVfM4_wkS2rNvKZA6mJUSzYB9gaY2alFqTZLhUHXDJ9yR43c1XwsxIOipOPYwGWIdOXW1nJr72K8D29JAAU.kqYIowJjlvN6NrdHu1AtuzArDVBtXF742HZgYlud2T0&dib_tag=se&keywords=laptop&qid=1722604166&sr=8-34
"Laptop 12GB RAM 256GB SSD, 14"" FHD 1920x1080 Display, Quad Core Celeron J4105 CPU, Up to 2.5GHz, Protable Computer with Dual Speakers, 35.52WH Battery, HDMI, Type-C, USB, Business Student Laptops.  ",$499.99,https://www.amazon.com/1920x1080-Protable-Computer-Speakers-Business/dp/B0D83M72RY/ref=sr_1_35?dib=eyJ2IjoiMSJ9.bxF76_yO8ALDnteVTkrHwpMQnpDv3NxIAo1gPER3-Vd7Yf49j8Im90wuWvwUwPHLLjFR5JuzR5G-iB5zQQMgHVAP_5XG3K9McM-Yd7ZXrufsDqZFHYRjybDDRR1W30yC8CO5zVPfprO0xM2-xbdYNEdmfVfM4_wkS2rNvKZA6mJUSzYB9gaY2alFqTZLhUHXDJ9yR43c1XwsxIOipOPYwGWIdOXW1nJr72K8D29JAAU.kqYIowJjlvN6NrdHu1AtuzArDVBtXF742HZgYlud2T0&dib_tag=se&keywords=laptop&qid=1722604166&sr=8-35
"ACEMAGIC Laptop Computer 16 inch FHD Display, 16GB RAM 512GB ROM with Intel 12th Gen Alder Lake N95(4C/4T, Up to 3.4GHz) Support WiFi, BT5.0, 1MP Webcam, 3*USB3.2, Type-C  ",$379.96,https://www.amazon.com/ACEMAGIC-Laptop-Computer-Display-Support/dp/B0D537KB4K/ref=sr_1_36?dib=eyJ2IjoiMSJ9.bxF76_yO8ALDnteVTkrHwpMQnpDv3NxIAo1gPER3-Vd7Yf49j8Im90wuWvwUwPHLLjFR5JuzR5G-iB5zQQMgHVAP_5XG3K9McM-Yd7ZXrufsDqZFHYRjybDDRR1W30yC8CO5zVPfprO0xM2-xbdYNEdmfVfM4_wkS2rNvKZA6mJUSzYB9gaY2alFqTZLhUHXDJ9yR43c1XwsxIOipOPYwGWIdOXW1nJr72K8D29JAAU.kqYIowJjlvN6NrdHu1AtuzArDVBtXF742HZgYlud2T0&dib_tag=se&keywords=laptop&qid=1722604166&sr=8-36
"HP 2022 New 15 Laptop, 15.6"" HD LED Display, Intel Dual-Core Processor, Intel UHD Graphics, 16GB DDR4 RAM, 1TB SSD, Ethernet Port, USB Type-C, Long Battery Life, Windows 11  ",$499.99,https://www.amazon.com/sspa/click?ie=UTF8&spc=MTo4NjQ5ODUxNTQyODg3ODk4OjE3MjI2MDQxNjY6c3BfYnRmOjIwMDEwODQ3OTkwMTg5ODo6MDo6&url=%2FHP-Dual-Core-Processor-Graphics-Ethernet%2Fdp%2FB09SZPSTN1%2Fref%3Dsr_1_37_sspa%3Fdib%3DeyJ2IjoiMSJ9.bxF76_yO8ALDnteVTkrHwpMQnpDv3NxIAo1gPER3-Vd7Yf49j8Im90wuWvwUwPHLLjFR5JuzR5G-iB5zQQMgHVAP_5XG3K9McM-Yd7ZXrufsDqZFHYRjybDDRR1W30yC8CO5zVPfprO0xM2-xbdYNEdmfVfM4_wkS2rNvKZA6mJUSzYB9gaY2alFqTZLhUHXDJ9yR43c1XwsxIOipOPYwGWIdOXW1nJr72K8D29JAAU.kqYIowJjlvN6NrdHu1AtuzArDVBtXF742HZgYlud2T0%26dib_tag%3Dse%26keywords%3Dlaptop%26qid%3D1722604166%26sr%3D8-37-spons%26sp_csd%3Dd2lkZ2V0TmFtZT1zcF9idGY%26psc%3D1%26smid%3DA2HR3WADFB8IU9
"LG gram 17-inch Lightweight Laptop, Intel Evo Edition - Intel Core Ultra 5 processor, Windows 11 Home, 16GB RAM, 512GB SSD, Black  ","$1,207.38",https://www.amazon.com/sspa/click?ie=UTF8&spc=MTo4NjQ5ODUxNTQyODg3ODk4OjE3MjI2MDQxNjY6c3BfYnRmOjMwMDI4NDg5OTI3ODkwMjo6MDo6&url=%2FLG-17-inch-Lightweight-Laptop-Intel%2Fdp%2FB0CTW8PJP3%2Fref%3Dsr_1_38_sspa%3Fdib%3DeyJ2IjoiMSJ9.bxF76_yO8ALDnteVTkrHwpMQnpDv3NxIAo1gPER3-Vd7Yf49j8Im90wuWvwUwPHLLjFR5JuzR5G-iB5zQQMgHVAP_5XG3K9McM-Yd7ZXrufsDqZFHYRjybDDRR1W30yC8CO5zVPfprO0xM2-xbdYNEdmfVfM4_wkS2rNvKZA6mJUSzYB9gaY2alFqTZLhUHXDJ9yR43c1XwsxIOipOPYwGWIdOXW1nJr72K8D29JAAU.kqYIowJjlvN6NrdHu1AtuzArDVBtXF742HZgYlud2T0%26dib_tag%3Dse%26keywords%3Dlaptop%26qid%3D1722604166%26sr%3D8-38-spons%26sp_csd%3Dd2lkZ2V0TmFtZT1zcF9idGY%26psc%3D1
"Lenovo Ideapad Laptop Touchscreen 15.6"" FHD, Intel Core i3-1215U 6-Core, 24GB RAM, 1TB SSD, Webcam, Bluetooth, Wi-Fi6, SD Card Reader, Windows 11, Grey, GM Accessories  ",$519.00,https://www.amazon.com/sspa/click?ie=UTF8&spc=MTo0NTQxNTkwNTA0MjM0MjoxNzIyNjA0MTcxOnNwX2F0Zl9uZXh0OjMwMDI0OTA1MTUyNzEwMjo6MDo6&url=%2FLenovo-Touchscreen-i3-1215U-Bluetooth-Accessories%2Fdp%2FB0D5H83FMV%2Fref%3Dsr_1_33_sspa%3Fdib%3DeyJ2IjoiMSJ9.gfSPJIL7-fh0TynXKZGTt64X4dGFrXoGVS0aBmqjlFePFxbA9LJklRLqste82mNsqDScdrERJVkutjq3GIWNtiXtuSM6MU-NgDKRzJFj_LXy30F1gnVRJxHl5DgcjrNOiNJQjjeZnvPWub4_IFkjxgTPNxGZmPxj-DeGD5whARANJKhArg8GUZD7n9cK6Qdbigiu2DcTsmGmJEfOQV3uWZH2KP4VomKE2Shza2SV2VE.RJtLfBYcz_-LjsMOgf6i3XANEMxynT9SSXat079vi9g%26dib_tag%3Dse%26keywords%3Dlaptop%26qid%3D1722604171%26sr%3D8-33-spons%26sp_csd%3Dd2lkZ2V0TmFtZT1zcF9hdGZfbmV4dA%26psc%3D1
"Laptop Computer,15.6 inch 1366 * 768 IPS FHD Display, Install Windows 11, 8GB RAM 256GB SSD, Intel Celeron Quad-Core N5095 Processors, USB 3.0, Bluetooth 4.2, 2.4/5G WiFi,  ",$189.99,https://www.amazon.com/sspa/click?ie=UTF8&spc=MTo0NTQxNTkwNTA0MjM0MjoxNzIyNjA0MTcxOnNwX2F0Zl9uZXh0OjMwMDI4MTMzMjc0NjQwMjo6MDo6&url=%2FChicbuy-Computer-Quad-Core-Processors-Bluetooth%2Fdp%2FB0CYNV9L79%2Fref%3Dsr_1_34_sspa%3Fdib%3DeyJ2IjoiMSJ9.gfSPJIL7-fh0TynXKZGTt64X4dGFrXoGVS0aBmqjlFePFxbA9LJklRLqste82mNsqDScdrERJVkutjq3GIWNtiXtuSM6MU-NgDKRzJFj_LXy30F1gnVRJxHl5DgcjrNOiNJQjjeZnvPWub4_IFkjxgTPNxGZmPxj-DeGD5whARANJKhArg8GUZD7n9cK6Qdbigiu2DcTsmGmJEfOQV3uWZH2KP4VomKE2Shza2SV2VE.RJtLfBYcz_-LjsMOgf6i3XANEMxynT9SSXat079vi9g%26dib_tag%3Dse%26keywords%3Dlaptop%26qid%3D1722604171%26sr%3D8-34-spons%26sp_csd%3Dd2lkZ2V0TmFtZT1zcF9hdGZfbmV4dA%26psc%3D1
"ASUS Chromebook CX1, 15.6"" FHD NanoEdge Display, Intel Celeron N4500 Processor, 64GB eMMC Storage, 8GB RAM, ChromeOS, Transparent Silver, CX1500CKA-AS84F  ",$242.08,https://www.amazon.com/ASUS-Chromebook-Processor-Transparent-CX1500CKA-AS84F/dp/B0CRD43GY6/ref=sr_1_35?dib=eyJ2IjoiMSJ9.gfSPJIL7-fh0TynXKZGTt64X4dGFrXoGVS0aBmqjlFePFxbA9LJklRLqste82mNsqDScdrERJVkutjq3GIWNtiXtuSM6MU-NgDKRzJFj_LXy30F1gnVRJxHl5DgcjrNOiNJQjjeZnvPWub4_IFkjxgTPNxGZmPxj-DeGD5whARANJKhArg8GUZD7n9cK6Qdbigiu2DcTsmGmJEfOQV3uWZH2KP4VomKE2Shza2SV2VE.RJtLfBYcz_-LjsMOgf6i3XANEMxynT9SSXat079vi9g&dib_tag=se&keywords=laptop&qid=1722604171&sr=8-35
"14 Inch Laptop Computer, Gaming Laptop, 8GB RAM 256GB SSD, Intel Celeron N5095 Processors, FHD 1920 x 1080, Supports 180 Angle Opening, Windows 11 Pro  ",$199.99,https://www.amazon.com/FUNYET-Computer-Quad-Core-Processors-Supports/dp/B0CKN9M1S8/ref=sr_1_36?dib=eyJ2IjoiMSJ9.gfSPJIL7-fh0TynXKZGTt64X4dGFrXoGVS0aBmqjlFePFxbA9LJklRLqste82mNsqDScdrERJVkutjq3GIWNtiXtuSM6MU-NgDKRzJFj_LXy30F1gnVRJxHl5DgcjrNOiNJQjjeZnvPWub4_IFkjxgTPNxGZmPxj-DeGD5whARANJKhArg8GUZD7n9cK6Qdbigiu2DcTsmGmJEfOQV3uWZH2KP4VomKE2Shza2SV2VE.RJtLfBYcz_-LjsMOgf6i3XANEMxynT9SSXat079vi9g&dib_tag=se&keywords=laptop&qid=1722604171&sr=8-36
"HP 15.6"" Touchscreen Laptop Computer, Windows 11 Pro Laptop 32GB RAM 1TB SSD, i3-1215U Processor, HD 1366 x 768 LED Display, Numeric Keypad, SD Card Reader, HDMI, Plusera Earphone, Silver  ",$579.99,https://www.amazon.com/HP-Touchscreen-Laptop-Computer-Processor/dp/B0CY94H794/ref=sr_1_37?dib=eyJ2IjoiMSJ9.gfSPJIL7-fh0TynXKZGTt64X4dGFrXoGVS0aBmqjlFePFxbA9LJklRLqste82mNsqDScdrERJVkutjq3GIWNtiXtuSM6MU-NgDKRzJFj_LXy30F1gnVRJxHl5DgcjrNOiNJQjjeZnvPWub4_IFkjxgTPNxGZmPxj-DeGD5whARANJKhArg8GUZD7n9cK6Qdbigiu2DcTsmGmJEfOQV3uWZH2KP4VomKE2Shza2SV2VE.RJtLfBYcz_-LjsMOgf6i3XANEMxynT9SSXat079vi9g&dib_tag=se&keywords=laptop&qid=1722604171&sr=8-37
"HP Premium Stream 14"" HD BrightView Laptop, Intel Celeron N4120, 16GB RAM, 64GB eMMC Storage, UHD Graphics, HD Webcam, 1 Year Office 365, Bluetooth, WiFi, HDMI, Win 11s, Gold, 32GB Hotface USB Card  ",$289.00,https://www.amazon.com/HP-Stream-BrightView-Graphics-Bluetooth/dp/B0CJP92VWG/ref=sr_1_38?dib=eyJ2IjoiMSJ9.gfSPJIL7-fh0TynXKZGTt64X4dGFrXoGVS0aBmqjlFePFxbA9LJklRLqste82mNsqDScdrERJVkutjq3GIWNtiXtuSM6MU-NgDKRzJFj_LXy30F1gnVRJxHl5DgcjrNOiNJQjjeZnvPWub4_IFkjxgTPNxGZmPxj-DeGD5whARANJKhArg8GUZD7n9cK6Qdbigiu2DcTsmGmJEfOQV3uWZH2KP4VomKE2Shza2SV2VE.RJtLfBYcz_-LjsMOgf6i3XANEMxynT9SSXat079vi9g&dib_tag=se&keywords=laptop&qid=1722604171&sr=8-38
"HP 17.3"" FHD Essential Business Laptop, 32GB DDR4 RAM, 1TB PCIe SSD, Intel 12th Gen 6-Core i3 Processor (Up to 4.4GHz,Beat i5-1155G7), Bluetooth, Webcam, Windows 11 Pro, Silver  ",$649.99,https://www.amazon.com/HP-Essential-Processor-i5-1155G7-Bluetooth/dp/B0D66QBBJ8/ref=sr_1_39?dib=eyJ2IjoiMSJ9.gfSPJIL7-fh0TynXKZGTt64X4dGFrXoGVS0aBmqjlFePFxbA9LJklRLqste82mNsqDScdrERJVkutjq3GIWNtiXtuSM6MU-NgDKRzJFj_LXy30F1gnVRJxHl5DgcjrNOiNJQjjeZnvPWub4_IFkjxgTPNxGZmPxj-DeGD5whARANJKhArg8GUZD7n9cK6Qdbigiu2DcTsmGmJEfOQV3uWZH2KP4VomKE2Shza2SV2VE.RJtLfBYcz_-LjsMOgf6i3XANEMxynT9SSXat079vi9g&dib_tag=se&keywords=laptop&qid=1722604171&sr=8-39
"HP Newest 15.6"""" G8 Business Laptop, Intel Core i5-1135G7 4-core Processor, 16GB Memory, 1TB SSD Storage, 15.6"""" FHD Display, Ethernet Port, Windows 11 Pro, Bundled w 250GB Portable SSD, Gray  ",$599.99,https://www.amazon.com/HP-G8-Business-i5-1135G7-Processor/dp/B0CMR54QC7/ref=sr_1_40?dib=eyJ2IjoiMSJ9.gfSPJIL7-fh0TynXKZGTt64X4dGFrXoGVS0aBmqjlFePFxbA9LJklRLqste82mNsqDScdrERJVkutjq3GIWNtiXtuSM6MU-NgDKRzJFj_LXy30F1gnVRJxHl5DgcjrNOiNJQjjeZnvPWub4_IFkjxgTPNxGZmPxj-DeGD5whARANJKhArg8GUZD7n9cK6Qdbigiu2DcTsmGmJEfOQV3uWZH2KP4VomKE2Shza2SV2VE.RJtLfBYcz_-LjsMOgf6i3XANEMxynT9SSXat079vi9g&dib_tag=se&keywords=laptop&qid=1722604171&sr=8-40
"Dell 2023 Newest Inspiron 15 3525 Laptop, 15.6"" FHD Display, AMD Ryzen 5 5500U Processor up to 4GHz, 16GB RAM, 512GB SSD, AMD Radeon Graphics, Wi-Fi, Bluetooth, Windows 11 Home  ",$434.00,https://www.amazon.com/Dell-Inspiron-15-3525-Laptop/dp/B0CKMZ1DMH/ref=sr_1_41?dib=eyJ2IjoiMSJ9.gfSPJIL7-fh0TynXKZGTt64X4dGFrXoGVS0aBmqjlFePFxbA9LJklRLqste82mNsqDScdrERJVkutjq3GIWNtiXtuSM6MU-NgDKRzJFj_LXy30F1gnVRJxHl5DgcjrNOiNJQjjeZnvPWub4_IFkjxgTPNxGZmPxj-DeGD5whARANJKhArg8GUZD7n9cK6Qdbigiu2DcTsmGmJEfOQV3uWZH2KP4VomKE2Shza2SV2VE.RJtLfBYcz_-LjsMOgf6i3XANEMxynT9SSXat079vi9g&dib_tag=se&keywords=laptop&qid=1722604171&sr=8-41
"Dell Inspiron Touchscreen Laptop, 15.6"" Business & Student Laptop Computer, Windows 11 Pro Laptop 16GB RAM 1TB SSD, Intel i5-1155G7 Processor, Full HD IPS Display, Numeric Keypad, HDMI, Carbon Black  ",$629.99,https://www.amazon.com/Dell-Inspiron-Touchscreen-i5-1155G7-Processor/dp/B0CTPJ4NNC/ref=sr_1_42?dib=eyJ2IjoiMSJ9.gfSPJIL7-fh0TynXKZGTt64X4dGFrXoGVS0aBmqjlFePFxbA9LJklRLqste82mNsqDScdrERJVkutjq3GIWNtiXtuSM6MU-NgDKRzJFj_LXy30F1gnVRJxHl5DgcjrNOiNJQjjeZnvPWub4_IFkjxgTPNxGZmPxj-DeGD5whARANJKhArg8GUZD7n9cK6Qdbigiu2DcTsmGmJEfOQV3uWZH2KP4VomKE2Shza2SV2VE.RJtLfBYcz_-LjsMOgf6i3XANEMxynT9SSXat079vi9g&dib_tag=se&keywords=laptop&qid=1722604171&sr=8-42
"Bmax Laptop 2 in 1 Touchscreen 13.3"", 16GB DDR5 RAM 512GB SSD, Intel Celeron N100 Quad Core Processor(up to 3.4GHz), Touch Screen Laptop, Backlit Keyboard, FHD IPS, Thin Metal Body Y13 Pro  ",$389.99,https://www.amazon.com/sspa/click?ie=UTF8&spc=MTo0NTQxNTkwNTA0MjM0MjoxNzIyNjA0MTcxOnNwX210ZjozMDAyMDg1NzEyMjAyMDI6OjA6Og&url=%2FBmax-Touchscreen-Celeron-Processor-Keyboard%2Fdp%2FB0D22C38KR%2Fref%3Dsr_1_43_sspa%3Fdib%3DeyJ2IjoiMSJ9.gfSPJIL7-fh0TynXKZGTt64X4dGFrXoGVS0aBmqjlFePFxbA9LJklRLqste82mNsqDScdrERJVkutjq3GIWNtiXtuSM6MU-NgDKRzJFj_LXy30F1gnVRJxHl5DgcjrNOiNJQjjeZnvPWub4_IFkjxgTPNxGZmPxj-DeGD5whARANJKhArg8GUZD7n9cK6Qdbigiu2DcTsmGmJEfOQV3uWZH2KP4VomKE2Shza2SV2VE.RJtLfBYcz_-LjsMOgf6i3XANEMxynT9SSXat079vi9g%26dib_tag%3Dse%26keywords%3Dlaptop%26qid%3D1722604171%26sr%3D8-43-spons%26sp_csd%3Dd2lkZ2V0TmFtZT1zcF9tdGY%26psc%3D1
"15.6"" Laptop Computer, Traditional Laptop Computer, 16GB DDR4 512GB SSD, 1080P FHD Display, Intel Celeron N5095 Processors, 2.4G/5G WiFi, Bluetooth 4.2, Grey  ",$229.99,https://www.amazon.com/sspa/click?ie=UTF8&spc=MTo0NTQxNTkwNTA0MjM0MjoxNzIyNjA0MTcxOnNwX210ZjozMDAyMTI2MzI3MTg4MDI6OjA6Og&url=%2FANMESC-Computer-Traditional-Processors-Bluetooth%2Fdp%2FB0CL4N75KS%2Fref%3Dsr_1_44_sspa%3Fdib%3DeyJ2IjoiMSJ9.gfSPJIL7-fh0TynXKZGTt64X4dGFrXoGVS0aBmqjlFePFxbA9LJklRLqste82mNsqDScdrERJVkutjq3GIWNtiXtuSM6MU-NgDKRzJFj_LXy30F1gnVRJxHl5DgcjrNOiNJQjjeZnvPWub4_IFkjxgTPNxGZmPxj-DeGD5whARANJKhArg8GUZD7n9cK6Qdbigiu2DcTsmGmJEfOQV3uWZH2KP4VomKE2Shza2SV2VE.RJtLfBYcz_-LjsMOgf6i3XANEMxynT9SSXat079vi9g%26dib_tag%3Dse%26keywords%3Dlaptop%26qid%3D1722604171%26sr%3D8-44-spons%26sp_csd%3Dd2lkZ2V0TmFtZT1zcF9tdGY%26psc%3D1
"Lenovo 2023 V15 G3 15.6"" FHD Business Laptop Computer, 12th Gen Intel 10 Cores i5-1235U (Beat i7-1195G7), 16GB DDR4 RAM, 512GB PCIe SSD, 802.11AC WiFi, Bluetooth 5.1, Windows 11 Pro, AZ-XUT Cable  ",$479.00,https://www.amazon.com/Lenovo-G3-Business-i7-1195G7-Bluetooth/dp/B0CF27XTKM/ref=sr_1_45?dib=eyJ2IjoiMSJ9.gfSPJIL7-fh0TynXKZGTt64X4dGFrXoGVS0aBmqjlFePFxbA9LJklRLqste82mNsqDScdrERJVkutjq3GIWNtiXtuSM6MU-NgDKRzJFj_LXy30F1gnVRJxHl5DgcjrNOiNJQjjeZnvPWub4_IFkjxgTPNxGZmPxj-DeGD5whARANJKhArg8GUZD7n9cK6Qdbigiu2DcTsmGmJEfOQV3uWZH2KP4VomKE2Shza2SV2VE.RJtLfBYcz_-LjsMOgf6i3XANEMxynT9SSXat079vi9g&dib_tag=se&keywords=laptop&qid=1722604171&sr=8-45
"HP 15.6 Touchscreen HD Essential Student Laptop, 32GB DDR4 RAM, 1TB PCIe SSD, Intel 12th Gen 6-Core i3 Processor (Up to 4.4GHz,Beat i5-1155G7), Bluetooth, Webcam, Windows 10 Pro, Silver  ",$499.99,https://www.amazon.com/HP-Touchscreen-Essential-Processor-i5-1155G7/dp/B0D66RSY33/ref=sr_1_46?dib=eyJ2IjoiMSJ9.gfSPJIL7-fh0TynXKZGTt64X4dGFrXoGVS0aBmqjlFePFxbA9LJklRLqste82mNsqDScdrERJVkutjq3GIWNtiXtuSM6MU-NgDKRzJFj_LXy30F1gnVRJxHl5DgcjrNOiNJQjjeZnvPWub4_IFkjxgTPNxGZmPxj-DeGD5whARANJKhArg8GUZD7n9cK6Qdbigiu2DcTsmGmJEfOQV3uWZH2KP4VomKE2Shza2SV2VE.RJtLfBYcz_-LjsMOgf6i3XANEMxynT9SSXat079vi9g&dib_tag=se&keywords=laptop&qid=1722604171&sr=8-46
"15.6 Inch Laptop 16GB DDR4 512GB SSD,Intel Celeron N5095 Quad-Core Processor up to 2.9Ghz Laptop Computer,Windows 11 1080P Screen,2.4/5G WiFi, Bluetooth 4.2,Mini HDMI,2xUSB 3.0,Type-C  ",$259.99,https://www.amazon.com/URAO-Quad-Core-Processor-Computer-Bluetooth/dp/B0D4982MX4/ref=sr_1_47?dib=eyJ2IjoiMSJ9.gfSPJIL7-fh0TynXKZGTt64X4dGFrXoGVS0aBmqjlFePFxbA9LJklRLqste82mNsqDScdrERJVkutjq3GIWNtiXtuSM6MU-NgDKRzJFj_LXy30F1gnVRJxHl5DgcjrNOiNJQjjeZnvPWub4_IFkjxgTPNxGZmPxj-DeGD5whARANJKhArg8GUZD7n9cK6Qdbigiu2DcTsmGmJEfOQV3uWZH2KP4VomKE2Shza2SV2VE.RJtLfBYcz_-LjsMOgf6i3XANEMxynT9SSXat079vi9g&dib_tag=se&keywords=laptop&qid=1722604171&sr=8-47
"HP 2024 Premium 14"" Micro-Edge Portable Laptop Student Business, Intel Quad-Core N4120, 4GB RAM, 128GB (64GB eMMC+ 64GB Card), Webcam, WiFi, Windows 11S + 1 Year Office 365, MarxsolAccessory White  ",$249.00,https://www.amazon.com/HP-14-Micro-Edge-Laptop-MarxsolAccessory/dp/B0D1GWMVF9/ref=sr_1_48?dib=eyJ2IjoiMSJ9.gfSPJIL7-fh0TynXKZGTt64X4dGFrXoGVS0aBmqjlFePFxbA9LJklRLqste82mNsqDScdrERJVkutjq3GIWNtiXtuSM6MU-NgDKRzJFj_LXy30F1gnVRJxHl5DgcjrNOiNJQjjeZnvPWub4_IFkjxgTPNxGZmPxj-DeGD5whARANJKhArg8GUZD7n9cK6Qdbigiu2DcTsmGmJEfOQV3uWZH2KP4VomKE2Shza2SV2VE.RJtLfBYcz_-LjsMOgf6i3XANEMxynT9SSXat079vi9g&dib_tag=se&keywords=laptop&qid=1722604171&sr=8-48
"HP Newest Pavilion 15.6"" HD Touchscreen Anti-Glare Laptop, 16GB RAM, 1TB SSD Storage, Intel Core Processor up to 4.1GHz, Up to 11 Hours Long Battery Life, Type-C, HDMI, Windows 11 Home, Silver  ",$415.99,https://www.amazon.com/HP-Pavilion-Touchscreen-Anti-Glare-Processor/dp/B0C4G4L53W/ref=sr_1_49?dib=eyJ2IjoiMSJ9.gfSPJIL7-fh0TynXKZGTt64X4dGFrXoGVS0aBmqjlFePFxbA9LJklRLqste82mNsqDScdrERJVkutjq3GIWNtiXtuSM6MU-NgDKRzJFj_LXy30F1gnVRJxHl5DgcjrNOiNJQjjeZnvPWub4_IFkjxgTPNxGZmPxj-DeGD5whARANJKhArg8GUZD7n9cK6Qdbigiu2DcTsmGmJEfOQV3uWZH2KP4VomKE2Shza2SV2VE.RJtLfBYcz_-LjsMOgf6i3XANEMxynT9SSXat079vi9g&dib_tag=se&keywords=laptop&qid=1722604171&sr=8-49
"Acer Predator Helios Neo 16 Gaming Laptop | Intel Core i7-13650HX | NVIDIA GeForce RTX 4060 | 16"" WUXGA 1920 x 1200 165Hz G-SYNC Display | 16GB DDR5 | 512GB Gen 4 SSD | Killer Wi-Fi 6E | PHN16-71-76H5  ","$1,099.99",https://www.amazon.com/Predator-i7-13650HX-GeForce-Display-PHN16-71-76H5/dp/B0CX27GY7N/ref=sr_1_50?dib=eyJ2IjoiMSJ9.gfSPJIL7-fh0TynXKZGTt64X4dGFrXoGVS0aBmqjlFePFxbA9LJklRLqste82mNsqDScdrERJVkutjq3GIWNtiXtuSM6MU-NgDKRzJFj_LXy30F1gnVRJxHl5DgcjrNOiNJQjjeZnvPWub4_IFkjxgTPNxGZmPxj-DeGD5whARANJKhArg8GUZD7n9cK6Qdbigiu2DcTsmGmJEfOQV3uWZH2KP4VomKE2Shza2SV2VE.RJtLfBYcz_-LjsMOgf6i3XANEMxynT9SSXat079vi9g&dib_tag=se&keywords=laptop&qid=1722604171&sr=8-50
"HP 2022 Newest Stream 14"" HD Display, Intel Celeron N4120 Processor, 4GB Memory - 64GB eMMC,WiFi,Bluetooth, Type-C, 802.11AC, Win10 S - Snowflake White  ",$179.99,https://www.amazon.com/HP-14-Display-Celeron-Processor/dp/B0B15NZRQT/ref=sr_1_51?dib=eyJ2IjoiMSJ9.gfSPJIL7-fh0TynXKZGTt64X4dGFrXoGVS0aBmqjlFePFxbA9LJklRLqste82mNsqDScdrERJVkutjq3GIWNtiXtuSM6MU-NgDKRzJFj_LXy30F1gnVRJxHl5DgcjrNOiNJQjjeZnvPWub4_IFkjxgTPNxGZmPxj-DeGD5whARANJKhArg8GUZD7n9cK6Qdbigiu2DcTsmGmJEfOQV3uWZH2KP4VomKE2Shza2SV2VE.RJtLfBYcz_-LjsMOgf6i3XANEMxynT9SSXat079vi9g&dib_tag=se&keywords=laptop&qid=1722604171&sr=8-51
"Laptop 14'',8GB DDR4 512GB SSD Laptops Computer,Intel Celeron J4125 4M Cache, up to 2.70 GHz Gemini Lake,Windows 11 FHD 1920x1080 Screen,Dual Band WiFi,Webcam  ",$198.99,https://www.amazon.com/Molegar-Laptops-Computer-Celeron-1920x1080/dp/B0CS328F1F/ref=sr_1_52?dib=eyJ2IjoiMSJ9.gfSPJIL7-fh0TynXKZGTt64X4dGFrXoGVS0aBmqjlFePFxbA9LJklRLqste82mNsqDScdrERJVkutjq3GIWNtiXtuSM6MU-NgDKRzJFj_LXy30F1gnVRJxHl5DgcjrNOiNJQjjeZnvPWub4_IFkjxgTPNxGZmPxj-DeGD5whARANJKhArg8GUZD7n9cK6Qdbigiu2DcTsmGmJEfOQV3uWZH2KP4VomKE2Shza2SV2VE.RJtLfBYcz_-LjsMOgf6i3XANEMxynT9SSXat079vi9g&dib_tag=se&keywords=laptop&qid=1722604171&sr=8-52
"Lenovo Ideapad Laptop (2024) Business Student, 14"" HD Screen, Intel Celeron N4020 Processor, 4GB RAM, 128GB (64GB eMMC+64GB Card), Wi-Fi 6, Webcam, Long Hour Battery, Win 11S+MarxsolAccessory  ",$209.00,https://www.amazon.com/sspa/click?ie=UTF8&spc=MTo0NTQxNTkwNTA0MjM0MjoxNzIyNjA0MTcxOnNwX2J0ZjozMDAxNDIwNzk4MjI0MDI6OjA6Og&url=%2FLenovo-Laptop-14-HD-MarxsolAccessory%2Fdp%2FB0CW85XCD8%2Fref%3Dsr_1_53_sspa%3Fdib%3DeyJ2IjoiMSJ9.gfSPJIL7-fh0TynXKZGTt64X4dGFrXoGVS0aBmqjlFePFxbA9LJklRLqste82mNsqDScdrERJVkutjq3GIWNtiXtuSM6MU-NgDKRzJFj_LXy30F1gnVRJxHl5DgcjrNOiNJQjjeZnvPWub4_IFkjxgTPNxGZmPxj-DeGD5whARANJKhArg8GUZD7n9cK6Qdbigiu2DcTsmGmJEfOQV3uWZH2KP4VomKE2Shza2SV2VE.RJtLfBYcz_-LjsMOgf6i3XANEMxynT9SSXat079vi9g%26dib_tag%3Dse%26keywords%3Dlaptop%26qid%3D1722604171%26sr%3D8-53-spons%26sp_csd%3Dd2lkZ2V0TmFtZT1zcF9idGY%26psc%3D1
"Lenovo Newest IdeaPad 1 Laptop Computer, 15.6"" FHD, Intel Pentium Silver N6000, 1-Year Office 365, 8GB DDR4 RAM, 512GB PCIe SSD, WiFi 6, BT 5.1, Abyss Blue, Windows 11 Home S, AZ-XUT Cable  ",$309.00,https://www.amazon.com/sspa/click?ie=UTF8&spc=MTo0NTQxNTkwNTA0MjM0MjoxNzIyNjA0MTcxOnNwX2J0ZjozMDAxMjM5NDc2NDc5MDI6OjA6Og&url=%2FLenovo-IdeaPad-Computer-Pentium-Extension%2Fdp%2FB0BY2T8Y1H%2Fref%3Dsr_1_54_sspa%3Fdib%3DeyJ2IjoiMSJ9.gfSPJIL7-fh0TynXKZGTt64X4dGFrXoGVS0aBmqjlFePFxbA9LJklRLqste82mNsqDScdrERJVkutjq3GIWNtiXtuSM6MU-NgDKRzJFj_LXy30F1gnVRJxHl5DgcjrNOiNJQjjeZnvPWub4_IFkjxgTPNxGZmPxj-DeGD5whARANJKhArg8GUZD7n9cK6Qdbigiu2DcTsmGmJEfOQV3uWZH2KP4VomKE2Shza2SV2VE.RJtLfBYcz_-LjsMOgf6i3XANEMxynT9SSXat079vi9g%26dib_tag%3Dse%26keywords%3Dlaptop%26qid%3D1722604171%26sr%3D8-54-spons%26sp_csd%3Dd2lkZ2V0TmFtZT1zcF9idGY%26psc%3D1
"Lenovo Newest 15.6"" Laptop, Intel Pentium 4-core Processor, 15.6"" FHD Anti-Glare Display, Ethernet Port, HDMI, USB-C, WiFi & Bluetooth, Webcam (Windows 11 Home, 40GB RAM | 1TB SSD)  ",$549.99,https://www.amazon.com/sspa/click?ie=UTF8&spc=MTo2MDIzMjMxMzI0OTg1NTI0OjE3MjI2MDQxNzY6c3BfYXRmX25leHQ6MzAwMTUzMTEwNjIwNjAyOjowOjo&url=%2FLenovo-Processor-Anti-Glare-Ethernet-Bluetooth%2Fdp%2FB0CT43PMGV%2Fref%3Dsr_1_49_sspa%3Fdib%3DeyJ2IjoiMSJ9.S9QCRhRxRRiSNM3xStFdbG5TE-hSSgaufVvjV9oc6CrFkLqlhLOybNH4PPx9JqXXR4QvU1uLaR_rpKiD-nUEomUdWtGb2MplXfThJrT8DBfL7Hl6gds9gk7XU244cUWNufvNHRPnW4kTvO5TMa9oiUli2Ou1eqM36GUz9dDM1ewMkLDoXbhucjYNtzBt_dzQV5awnD1c5XTutmsGdcbx8zV4B7fwkX61CoUIuek3L1Y.EXwiVKH_uQWgpbMze5YgbkZRMX2x-YD-sglkPW8qh0s%26dib_tag%3Dse%26keywords%3Dlaptop%26qid%3D1722604176%26sr%3D8-49-spons%26sp_csd%3Dd2lkZ2V0TmFtZT1zcF9hdGZfbmV4dA%26psc%3D1
"HP Newest 15.6"" FHD Essential Business Laptop, Intel Core i5-1135G7 Processor, 32GB RAM, 1TB Storage, Intel Iris Xe Graphics, SD Card Reader, HDMI, Ethernet, Webcam, USB-C, Windows 11 Pro  ",$599.99,https://www.amazon.com/sspa/click?ie=UTF8&spc=MTo2MDIzMjMxMzI0OTg1NTI0OjE3MjI2MDQxNzY6c3BfYXRmX25leHQ6MzAwMTY2MDUyNzkwMTAyOjowOjo&url=%2FHP-Essential-Business-i5-1135G7-Processor%2Fdp%2FB0CT98X2CV%2Fref%3Dsr_1_50_sspa%3Fdib%3DeyJ2IjoiMSJ9.S9QCRhRxRRiSNM3xStFdbG5TE-hSSgaufVvjV9oc6CrFkLqlhLOybNH4PPx9JqXXR4QvU1uLaR_rpKiD-nUEomUdWtGb2MplXfThJrT8DBfL7Hl6gds9gk7XU244cUWNufvNHRPnW4kTvO5TMa9oiUli2Ou1eqM36GUz9dDM1ewMkLDoXbhucjYNtzBt_dzQV5awnD1c5XTutmsGdcbx8zV4B7fwkX61CoUIuek3L1Y.EXwiVKH_uQWgpbMze5YgbkZRMX2x-YD-sglkPW8qh0s%26dib_tag%3Dse%26keywords%3Dlaptop%26qid%3D1722604176%26sr%3D8-50-spons%26sp_csd%3Dd2lkZ2V0TmFtZT1zcF9hdGZfbmV4dA%26psc%3D1
"LENOVO IdeaPad 3i Laptop, 15.6"" HD Touchscreen Display, Intel Core i3-1115G4 Processor, 12GB DDR4 RAM, 256GB PCIe SSD, Bluetooth, Webcam, Wi-Fi 6, HDMI, Windows 11 Home, Grey  ",$349.00,https://www.amazon.com/Lenovo-Ideapad-Touchscreen-i3-1005G1-Processor/dp/B08F93HGNB/ref=sr_1_51?dib=eyJ2IjoiMSJ9.S9QCRhRxRRiSNM3xStFdbG5TE-hSSgaufVvjV9oc6CrFkLqlhLOybNH4PPx9JqXXR4QvU1uLaR_rpKiD-nUEomUdWtGb2MplXfThJrT8DBfL7Hl6gds9gk7XU244cUWNufvNHRPnW4kTvO5TMa9oiUli2Ou1eqM36GUz9dDM1ewMkLDoXbhucjYNtzBt_dzQV5awnD1c5XTutmsGdcbx8zV4B7fwkX61CoUIuek3L1Y.EXwiVKH_uQWgpbMze5YgbkZRMX2x-YD-sglkPW8qh0s&dib_tag=se&keywords=laptop&qid=1722604176&sr=8-51
"AOC Laptop Computer 15.6 Inch FHD Screen Laptop with N97 Processor(Up to 3.6GHz) 16GB RAM 512GB SSD Gaming Laptops Windows 11 Laptop Computer, Light&Thin, Metal Shell, Webcam, Type-C, USB3.2, Grey  ",$379.99,https://www.amazon.com/AOC-Computer-Laptops-Premium-Windows/dp/B0D66DHSZF/ref=sr_1_52?dib=eyJ2IjoiMSJ9.S9QCRhRxRRiSNM3xStFdbG5TE-hSSgaufVvjV9oc6CrFkLqlhLOybNH4PPx9JqXXR4QvU1uLaR_rpKiD-nUEomUdWtGb2MplXfThJrT8DBfL7Hl6gds9gk7XU244cUWNufvNHRPnW4kTvO5TMa9oiUli2Ou1eqM36GUz9dDM1ewMkLDoXbhucjYNtzBt_dzQV5awnD1c5XTutmsGdcbx8zV4B7fwkX61CoUIuek3L1Y.EXwiVKH_uQWgpbMze5YgbkZRMX2x-YD-sglkPW8qh0s&dib_tag=se&keywords=laptop&qid=1722604176&sr=8-52
"Dell Inspiron 3520 15.6"" FHD Laptop, Intel Core i7-1255U Processor, 32GB RAM, 1TB SSD, Webcam, HDMI, SD-Card Slot, Wi-Fi 6, Windows 11 Home, Black  ",$654.00,https://www.amazon.com/Dell-Inspiron-3520-i7-1255U-Processor/dp/B0C9RVBJDW/ref=sr_1_53?dib=eyJ2IjoiMSJ9.S9QCRhRxRRiSNM3xStFdbG5TE-hSSgaufVvjV9oc6CrFkLqlhLOybNH4PPx9JqXXR4QvU1uLaR_rpKiD-nUEomUdWtGb2MplXfThJrT8DBfL7Hl6gds9gk7XU244cUWNufvNHRPnW4kTvO5TMa9oiUli2Ou1eqM36GUz9dDM1ewMkLDoXbhucjYNtzBt_dzQV5awnD1c5XTutmsGdcbx8zV4B7fwkX61CoUIuek3L1Y.EXwiVKH_uQWgpbMze5YgbkZRMX2x-YD-sglkPW8qh0s&dib_tag=se&keywords=laptop&qid=1722604176&sr=8-53
"jumper 14 Inch Laptop, 12GB DDR4 256GB SSD, Windows 11 Laptops with Celeron Processor, Lightweight Computer with FHD 1080p Display, Dual Speakers, Dual-Band WiFi(2.4G/5G), 35520mWH Battery.  ",$459.99,https://www.amazon.com/jumper-Processor-Lightweight-Computer-Dual-Band/dp/B0CZDRBJ33/ref=sr_1_54?dib=eyJ2IjoiMSJ9.S9QCRhRxRRiSNM3xStFdbG5TE-hSSgaufVvjV9oc6CrFkLqlhLOybNH4PPx9JqXXR4QvU1uLaR_rpKiD-nUEomUdWtGb2MplXfThJrT8DBfL7Hl6gds9gk7XU244cUWNufvNHRPnW4kTvO5TMa9oiUli2Ou1eqM36GUz9dDM1ewMkLDoXbhucjYNtzBt_dzQV5awnD1c5XTutmsGdcbx8zV4B7fwkX61CoUIuek3L1Y.EXwiVKH_uQWgpbMze5YgbkZRMX2x-YD-sglkPW8qh0s&dib_tag=se&keywords=laptop&qid=1722604176&sr=8-54
"2024 New Laptop Computer, 8GB DDR4 RAM 256GB SSD, Intel Celeron J4005 Processor Up to 2.7GHz, 14 Inch HD Display, Thin & Portable Notebook PC with Webcam/WiFi/Bluetooth  ",$218.00,https://www.amazon.com/ECOHERO-Computer-Processor-Portable-Bluetooth/dp/B0CX4C1TZS/ref=sr_1_55?dib=eyJ2IjoiMSJ9.S9QCRhRxRRiSNM3xStFdbG5TE-hSSgaufVvjV9oc6CrFkLqlhLOybNH4PPx9JqXXR4QvU1uLaR_rpKiD-nUEomUdWtGb2MplXfThJrT8DBfL7Hl6gds9gk7XU244cUWNufvNHRPnW4kTvO5TMa9oiUli2Ou1eqM36GUz9dDM1ewMkLDoXbhucjYNtzBt_dzQV5awnD1c5XTutmsGdcbx8zV4B7fwkX61CoUIuek3L1Y.EXwiVKH_uQWgpbMze5YgbkZRMX2x-YD-sglkPW8qh0s&dib_tag=se&keywords=laptop&qid=1722604176&sr=8-55
"ASUS VivoBook 16 Laptop, 16” WUXGA (1920 x 1200) 16:10Display, AMD Ryzen 7 7730U CPU, AMD Radeon™ Graphics, 8GB RAM, 1TB SSD, Fingerprint Sensor, Windows 11 Home, Indie Black, M1605YA-ES74  ",$568.64,https://www.amazon.com/ASUS-VivoBook-Laptop-WUXGA-1920/dp/B0BT6NKLQR/ref=sr_1_56?dib=eyJ2IjoiMSJ9.S9QCRhRxRRiSNM3xStFdbG5TE-hSSgaufVvjV9oc6CrFkLqlhLOybNH4PPx9JqXXR4QvU1uLaR_rpKiD-nUEomUdWtGb2MplXfThJrT8DBfL7Hl6gds9gk7XU244cUWNufvNHRPnW4kTvO5TMa9oiUli2Ou1eqM36GUz9dDM1ewMkLDoXbhucjYNtzBt_dzQV5awnD1c5XTutmsGdcbx8zV4B7fwkX61CoUIuek3L1Y.EXwiVKH_uQWgpbMze5YgbkZRMX2x-YD-sglkPW8qh0s&dib_tag=se&keywords=laptop&qid=1722604176&sr=8-56
"ASUS TUF Gaming A16 (2024) Gaming Laptop, 16” QHD+ 165Hz 16:10 Display, AMD Ryzen™ 9 7940HX, NVIDIA® GeForce RTX™ 4070, 16GB DDR5, 1TB PCIe Gen4 SSD, Wi-Fi 6, Windows 11, FA607PI-AS94  ","$1,399.99",https://www.amazon.com/ASUS-TUF-Gaming-Laptop-165Hz/dp/B0CRCWY9VT/ref=sr_1_57?dib=eyJ2IjoiMSJ9.S9QCRhRxRRiSNM3xStFdbG5TE-hSSgaufVvjV9oc6CrFkLqlhLOybNH4PPx9JqXXR4QvU1uLaR_rpKiD-nUEomUdWtGb2MplXfThJrT8DBfL7Hl6gds9gk7XU244cUWNufvNHRPnW4kTvO5TMa9oiUli2Ou1eqM36GUz9dDM1ewMkLDoXbhucjYNtzBt_dzQV5awnD1c5XTutmsGdcbx8zV4B7fwkX61CoUIuek3L1Y.EXwiVKH_uQWgpbMze5YgbkZRMX2x-YD-sglkPW8qh0s&dib_tag=se&keywords=laptop&qid=1722604176&sr=8-57
"HP 15.6"" Diagonal Full HD (1920 x 1080) Laptop, 11th Gen Intel Core i5-1135G7 Processor, 8GB DDR4 RAM, 256GB SSD, 802.11ac, Bluetooth, HDMI, Windows 11  ",$392.00,https://www.amazon.com/HP-Diagonal-i5-1135G7-Processor-Bluetooth/dp/B09LM6SZKG/ref=sr_1_58?dib=eyJ2IjoiMSJ9.S9QCRhRxRRiSNM3xStFdbG5TE-hSSgaufVvjV9oc6CrFkLqlhLOybNH4PPx9JqXXR4QvU1uLaR_rpKiD-nUEomUdWtGb2MplXfThJrT8DBfL7Hl6gds9gk7XU244cUWNufvNHRPnW4kTvO5TMa9oiUli2Ou1eqM36GUz9dDM1ewMkLDoXbhucjYNtzBt_dzQV5awnD1c5XTutmsGdcbx8zV4B7fwkX61CoUIuek3L1Y.EXwiVKH_uQWgpbMze5YgbkZRMX2x-YD-sglkPW8qh0s&dib_tag=se&keywords=laptop&qid=1722604176&sr=8-58
"HP Newest 15.6"""" G8 Business Laptop, Intel Core i5-1135G7 4-core Processor, 16GB Memory, 1TB SSD Storage, 15.6"""" FHD Display, Ethernet Port, Windows 11 Pro, Bundled w 250GB Portable SSD, Gray  ",$599.99,https://www.amazon.com/sspa/click?ie=UTF8&spc=MTo2MDIzMjMxMzI0OTg1NTI0OjE3MjI2MDQxNzY6c3BfbXRmOjMwMDE1NDIwMTkwODgwMjo6MDo6&url=%2FHP-G8-Business-i5-1135G7-Processor%2Fdp%2FB0CMR54QC7%2Fref%3Dsr_1_59_sspa%3Fdib%3DeyJ2IjoiMSJ9.S9QCRhRxRRiSNM3xStFdbG5TE-hSSgaufVvjV9oc6CrFkLqlhLOybNH4PPx9JqXXR4QvU1uLaR_rpKiD-nUEomUdWtGb2MplXfThJrT8DBfL7Hl6gds9gk7XU244cUWNufvNHRPnW4kTvO5TMa9oiUli2Ou1eqM36GUz9dDM1ewMkLDoXbhucjYNtzBt_dzQV5awnD1c5XTutmsGdcbx8zV4B7fwkX61CoUIuek3L1Y.EXwiVKH_uQWgpbMze5YgbkZRMX2x-YD-sglkPW8qh0s%26dib_tag%3Dse%26keywords%3Dlaptop%26qid%3D1722604176%26sr%3D8-59-spons%26sp_csd%3Dd2lkZ2V0TmFtZT1zcF9tdGY%26psc%3D1
"acer Chromebook 314 CB314-4HT-32X6 Laptop | Intel Core i3-N305 Processor | 14"" Full HD (1920 x 1080) IPS Touch Display | 8GB LPDDR5 | 128GB eMMC | Intel Wi-Fi 6E AX211 | Chrome OS | Pure Silver  ",$431.92,https://www.amazon.com/sspa/click?ie=UTF8&spc=MTo2MDIzMjMxMzI0OTg1NTI0OjE3MjI2MDQxNzY6c3BfbXRmOjMwMDMwMDU5MjYzMDAwMjo6MDo6&url=%2FChromebook-CB314-4HT-32X6-i3-N305-Processor-Display%2Fdp%2FB0CMRRFGVN%2Fref%3Dsr_1_60_sspa%3Fdib%3DeyJ2IjoiMSJ9.S9QCRhRxRRiSNM3xStFdbG5TE-hSSgaufVvjV9oc6CrFkLqlhLOybNH4PPx9JqXXR4QvU1uLaR_rpKiD-nUEomUdWtGb2MplXfThJrT8DBfL7Hl6gds9gk7XU244cUWNufvNHRPnW4kTvO5TMa9oiUli2Ou1eqM36GUz9dDM1ewMkLDoXbhucjYNtzBt_dzQV5awnD1c5XTutmsGdcbx8zV4B7fwkX61CoUIuek3L1Y.EXwiVKH_uQWgpbMze5YgbkZRMX2x-YD-sglkPW8qh0s%26dib_tag%3Dse%26keywords%3Dlaptop%26qid%3D1722604176%26sr%3D8-60-spons%26sp_csd%3Dd2lkZ2V0TmFtZT1zcF9tdGY%26psc%3D1
"HP Stream 14"" HD BrightView Laptop, Intel Celeron N4120, 16GB RAM, 288GB Storage (128GB eMMC + 160GB Docking Station Set), Intel UHD Graphics, 720p Webcam, Wi-Fi, 1 Year Office 365, Win 11 S, Gold  ",$309.00,https://www.amazon.com/HP-Stream-BrightView-N4120-Graphics/dp/B0CZL2SLCJ/ref=sr_1_61?dib=eyJ2IjoiMSJ9.S9QCRhRxRRiSNM3xStFdbG5TE-hSSgaufVvjV9oc6CrFkLqlhLOybNH4PPx9JqXXR4QvU1uLaR_rpKiD-nUEomUdWtGb2MplXfThJrT8DBfL7Hl6gds9gk7XU244cUWNufvNHRPnW4kTvO5TMa9oiUli2Ou1eqM36GUz9dDM1ewMkLDoXbhucjYNtzBt_dzQV5awnD1c5XTutmsGdcbx8zV4B7fwkX61CoUIuek3L1Y.EXwiVKH_uQWgpbMze5YgbkZRMX2x-YD-sglkPW8qh0s&dib_tag=se&keywords=laptop&qid=1722604176&sr=8-61
"Dell Newest Inspiron 15 3511 Laptop, 15.6"" FHD Touchscreen, Intel Core i5-1035G1, 12GB RAM, 256GB PCIe NVMe M.2 SSD, SD Card Reader, Webcam, HDMI, WiFi, Windows 11 Home, Black  ",$418.00,https://www.amazon.com/Dell-Inspiron-3511-Touchscreen-i5-1035G1/dp/B0B338HW3T/ref=sr_1_62?dib=eyJ2IjoiMSJ9.S9QCRhRxRRiSNM3xStFdbG5TE-hSSgaufVvjV9oc6CrFkLqlhLOybNH4PPx9JqXXR4QvU1uLaR_rpKiD-nUEomUdWtGb2MplXfThJrT8DBfL7Hl6gds9gk7XU244cUWNufvNHRPnW4kTvO5TMa9oiUli2Ou1eqM36GUz9dDM1ewMkLDoXbhucjYNtzBt_dzQV5awnD1c5XTutmsGdcbx8zV4B7fwkX61CoUIuek3L1Y.EXwiVKH_uQWgpbMze5YgbkZRMX2x-YD-sglkPW8qh0s&dib_tag=se&keywords=laptop&qid=1722604176&sr=8-62
"ASUS 2024 Zenbook S 13 OLED Laptop, 13.3” OLED 3K 60Hz Display, Intel Evo Certified, Intel Core Ultra 7 155U CPU, Intel Graphics, 16GB RAM, 512GB SSD, Windows 11 Home, Basalt Gray, UX5304MA-ES71  ","$1,049.99",https://www.amazon.com/ASUS-Zenbook-Certified-Graphics-UX5304MA-ES71/dp/B0CRDCMWK3/ref=sr_1_63?dib=eyJ2IjoiMSJ9.S9QCRhRxRRiSNM3xStFdbG5TE-hSSgaufVvjV9oc6CrFkLqlhLOybNH4PPx9JqXXR4QvU1uLaR_rpKiD-nUEomUdWtGb2MplXfThJrT8DBfL7Hl6gds9gk7XU244cUWNufvNHRPnW4kTvO5TMa9oiUli2Ou1eqM36GUz9dDM1ewMkLDoXbhucjYNtzBt_dzQV5awnD1c5XTutmsGdcbx8zV4B7fwkX61CoUIuek3L1Y.EXwiVKH_uQWgpbMze5YgbkZRMX2x-YD-sglkPW8qh0s&dib_tag=se&keywords=laptop&qid=1722604176&sr=8-63
"Acer Nitro V Gaming Laptop | Intel Core i7-13620H Processor | NVIDIA GeForce RTX 4050 Laptop GPU | 15.6"" FHD IPS 144Hz Display | 16GB DDR5 | 512GB Gen 4 SSD | WiFi 6 | Backlit KB | ANV15-51-73B9  ",$849.99,https://www.amazon.com/i7-13620H-Processor-GeForce-Display-ANV15-51-73B9/dp/B0CMRGBXM9/ref=sr_1_64?dib=eyJ2IjoiMSJ9.S9QCRhRxRRiSNM3xStFdbG5TE-hSSgaufVvjV9oc6CrFkLqlhLOybNH4PPx9JqXXR4QvU1uLaR_rpKiD-nUEomUdWtGb2MplXfThJrT8DBfL7Hl6gds9gk7XU244cUWNufvNHRPnW4kTvO5TMa9oiUli2Ou1eqM36GUz9dDM1ewMkLDoXbhucjYNtzBt_dzQV5awnD1c5XTutmsGdcbx8zV4B7fwkX61CoUIuek3L1Y.EXwiVKH_uQWgpbMze5YgbkZRMX2x-YD-sglkPW8qh0s&dib_tag=se&keywords=laptop&qid=1722604176&sr=8-64
"HP Newest 255 G10 15.6"" FHD Business Laptop, AMD Ryzen 7 7730U, 32GB RAM, 1TB PCIe SSD, Numeric Keypad, Webcam, Wi-Fi 6, HDMI, Windows 11 Pro, Black  ",$619.95,https://www.amazon.com/HP-Newest-Business-Numeric-Windows/dp/B0D4RH881B/ref=sr_1_65?dib=eyJ2IjoiMSJ9.S9QCRhRxRRiSNM3xStFdbG5TE-hSSgaufVvjV9oc6CrFkLqlhLOybNH4PPx9JqXXR4QvU1uLaR_rpKiD-nUEomUdWtGb2MplXfThJrT8DBfL7Hl6gds9gk7XU244cUWNufvNHRPnW4kTvO5TMa9oiUli2Ou1eqM36GUz9dDM1ewMkLDoXbhucjYNtzBt_dzQV5awnD1c5XTutmsGdcbx8zV4B7fwkX61CoUIuek3L1Y.EXwiVKH_uQWgpbMze5YgbkZRMX2x-YD-sglkPW8qh0s&dib_tag=se&keywords=laptop&qid=1722604176&sr=8-65
"Lenovo Newest V15 Business Laptop Computer, 15.6"" FHD Display, Intel Dual-core Processor, 32GB DDR4 RAM, 1TB PCIe SSD, Numeric Keypad, WiFi, Bluetooth 5.1, USB Type-C, Windows 11 Pro, Black, Tichang  ",$413.10,https://www.amazon.com/Lenovo-Business-Dual-core-Processor-Bluetooth/dp/B0CYZB17HM/ref=sr_1_66?dib=eyJ2IjoiMSJ9.S9QCRhRxRRiSNM3xStFdbG5TE-hSSgaufVvjV9oc6CrFkLqlhLOybNH4PPx9JqXXR4QvU1uLaR_rpKiD-nUEomUdWtGb2MplXfThJrT8DBfL7Hl6gds9gk7XU244cUWNufvNHRPnW4kTvO5TMa9oiUli2Ou1eqM36GUz9dDM1ewMkLDoXbhucjYNtzBt_dzQV5awnD1c5XTutmsGdcbx8zV4B7fwkX61CoUIuek3L1Y.EXwiVKH_uQWgpbMze5YgbkZRMX2x-YD-sglkPW8qh0s&dib_tag=se&keywords=laptop&qid=1722604176&sr=8-66
"ASUS ROG Strix G16 (2024) Gaming Laptop, 16” Nebula Display 16:10 QHD 240Hz, GeForce RTX 4060, Intel® Core™ i9-14900HX, 16GB DDR5-5600, 1TB PCIe SSD, Wi-Fi 6E, Windows 11, G614JVR-ES94  ","$1,529.96",https://www.amazon.com/ASUS-Gaming-Laptop-Nebula-Display/dp/B0CRCYJ8YV/ref=sr_1_67?dib=eyJ2IjoiMSJ9.S9QCRhRxRRiSNM3xStFdbG5TE-hSSgaufVvjV9oc6CrFkLqlhLOybNH4PPx9JqXXR4QvU1uLaR_rpKiD-nUEomUdWtGb2MplXfThJrT8DBfL7Hl6gds9gk7XU244cUWNufvNHRPnW4kTvO5TMa9oiUli2Ou1eqM36GUz9dDM1ewMkLDoXbhucjYNtzBt_dzQV5awnD1c5XTutmsGdcbx8zV4B7fwkX61CoUIuek3L1Y.EXwiVKH_uQWgpbMze5YgbkZRMX2x-YD-sglkPW8qh0s&dib_tag=se&keywords=laptop&qid=1722604176&sr=8-67
"ASUS TUF Gaming A17 (2023) Gaming Laptop, 17.3” FHD 144Hz Display, GeForce RTX 4050, AMD Ryzen 9 7940HS, 16GB DDR5, 1TB PCIe 4.0 SSD, Wi-Fi 6, Windows 11, FA707XU-MS94  ","$1,149.98",https://www.amazon.com/ASUS-Display-GeForce-Windows-FA707XU-MS94/dp/B0D3G7S1W2/ref=sr_1_68?dib=eyJ2IjoiMSJ9.S9QCRhRxRRiSNM3xStFdbG5TE-hSSgaufVvjV9oc6CrFkLqlhLOybNH4PPx9JqXXR4QvU1uLaR_rpKiD-nUEomUdWtGb2MplXfThJrT8DBfL7Hl6gds9gk7XU244cUWNufvNHRPnW4kTvO5TMa9oiUli2Ou1eqM36GUz9dDM1ewMkLDoXbhucjYNtzBt_dzQV5awnD1c5XTutmsGdcbx8zV4B7fwkX61CoUIuek3L1Y.EXwiVKH_uQWgpbMze5YgbkZRMX2x-YD-sglkPW8qh0s&dib_tag=se&keywords=laptop&qid=1722604176&sr=8-68
"Laptop Computer, 14 inch FHD IPS Display Laptop, 8GB RAM, 256GB SSD, N4000 Processor, Ulrta Slim Laptop for School, WiFi 5, BT 5.1, Webcam, HDMI, USB, Long Lasting Battery, Gray black  ",$199.00,https://www.amazon.com/sspa/click?ie=UTF8&spc=MTo2MDIzMjMxMzI0OTg1NTI0OjE3MjI2MDQxNzY6c3BfYnRmOjMwMDI4MTAxNzI2MzMwMjo6MDo6&url=%2FINHONLAP-Computer-Display-Processor-Lasting%2Fdp%2FB0D2T62RK9%2Fref%3Dsr_1_69_sspa%3Fdib%3DeyJ2IjoiMSJ9.S9QCRhRxRRiSNM3xStFdbG5TE-hSSgaufVvjV9oc6CrFkLqlhLOybNH4PPx9JqXXR4QvU1uLaR_rpKiD-nUEomUdWtGb2MplXfThJrT8DBfL7Hl6gds9gk7XU244cUWNufvNHRPnW4kTvO5TMa9oiUli2Ou1eqM36GUz9dDM1ewMkLDoXbhucjYNtzBt_dzQV5awnD1c5XTutmsGdcbx8zV4B7fwkX61CoUIuek3L1Y.EXwiVKH_uQWgpbMze5YgbkZRMX2x-YD-sglkPW8qh0s%26dib_tag%3Dse%26keywords%3Dlaptop%26qid%3D1722604176%26sr%3D8-69-spons%26sp_csd%3Dd2lkZ2V0TmFtZT1zcF9idGY%26psc%3D1
"Laptop Computer, 16GB RAM 512GB SSD, Gaming Laptop, Intel Celeron Quad-Core Processors, 15.6"" FHD IPS 1920x1080 Screen, WiFi, Bluetooth, Type-C, TF Card, Mini-HDMI, 2MP Webcam.  ",$239.99,https://www.amazon.com/sspa/click?ie=UTF8&spc=MTo2MDIzMjMxMzI0OTg1NTI0OjE3MjI2MDQxNzY6c3BfYnRmOjMwMDI2ODMxOTE5MjMwMjo6MDo6&url=%2FAMIAMO-Quad-Core-Processors-1920x1080-Bluetooth%2Fdp%2FB0CZDPPCPV%2Fref%3Dsr_1_70_sspa%3Fdib%3DeyJ2IjoiMSJ9.S9QCRhRxRRiSNM3xStFdbG5TE-hSSgaufVvjV9oc6CrFkLqlhLOybNH4PPx9JqXXR4QvU1uLaR_rpKiD-nUEomUdWtGb2MplXfThJrT8DBfL7Hl6gds9gk7XU244cUWNufvNHRPnW4kTvO5TMa9oiUli2Ou1eqM36GUz9dDM1ewMkLDoXbhucjYNtzBt_dzQV5awnD1c5XTutmsGdcbx8zV4B7fwkX61CoUIuek3L1Y.EXwiVKH_uQWgpbMze5YgbkZRMX2x-YD-sglkPW8qh0s%26dib_tag%3Dse%26keywords%3Dlaptop%26qid%3D1722604176%26sr%3D8-70-spons%26sp_csd%3Dd2lkZ2V0TmFtZT1zcF9idGY%26psc%3D1
